{
  "label": "Zarządzanie wersjami",
  "actions": {
    "cancelSave": "Anuluj",
    "deleteVersion": "Usuń",
    "editVersion": "Ustawienia wersji",
    "newVersion": "Nowa wersja",
    "refreshVersions": "Odśwież listę",
    "saveVersion": "Zapisz",
    "searchVersions": "Wyszukaj według nazwy lub właściciela",
    "switchToVersion": "Przełącz na wersję"
  },
  "accessLevels": {
    "private": "Prywatny",
    "protected": "Chronione",
    "public": "Publiczny"
  },
  "executionErrors": {
    "invalidVersionName": "Nieprawidłowa nazwa wersji.",
    "noAdvancedEditingUserTypeExtension": "Na koncie, na które się zalogowano, nie ma licencji na rozszerzenie typu użytkownika Edycja zaawansowana.",
    "noFeatureServiceFound": "Nie znaleziono usługi FeatureService.",
    "notValidEnterpriseVersion": "Interfejs API wersjonowania wymaga oprogramowania ArcGIS Enterprise w wersji 11.2 lub nowszego.",
    "noVersionManagementServiceFound": "Nie znaleziono usługi VersionManagementService."
  },
  "headers": {
    "currentVersion": "Bieżąca wersja",
    "manageVersions": "Zarządzaj wersjami"
  },
  "input": {
    "versionAccess": "Dostęp",
    "versionDescription": "Opis",
    "versionName": "Nazwa",
    "versionOwner": "Właściciel"
  },
  "loadErrors": {
    "noFeatureServices": "Nie znaleziono elementu featureServices we właściwości 'layers'.",
    "noViewProperty": "Brak właściwości 'view' w modelu VersionManagementViewModel."
  }
}
