{
  "label": "Upravljanje različice",
  "actions": {
    "cancelSave": "Prekliči",
    "deleteVersion": "Izbriši",
    "editVersion": "Nastavitve različice",
    "newVersion": "Nova različica",
    "refreshVersions": "Osveži seznam",
    "saveVersion": "Shrani",
    "searchVersions": "Išči po imenu ali lastniku",
    "switchToVersion": "Preklopi na različico"
  },
  "accessLevels": {
    "private": "Zasebno",
    "protected": "Zaščiteno",
    "public": "Javno"
  },
  "executionErrors": {
    "invalidVersionName": "Neveljavno ime različice.",
    "noAdvancedEditingUserTypeExtension": "Prijavljenemu računu manjka licenca za razširitev uporabniškega tipa za napredno urejanje.",
    "noFeatureServiceFound": "FeatureService ni bilo mogoče najti.",
    "notValidEnterpriseVersion": "Spremljanje različic API zahteva različico ArcGIS Enterprise 11.2 ali novejšo.",
    "noVersionManagementServiceFound": "VersionManagementService ni mogoče najti."
  },
  "headers": {
    "currentVersion": "Trenutna različica",
    "manageVersions": "Upravljaj različice"
  },
  "input": {
    "versionAccess": "Dostop",
    "versionDescription": "Opis",
    "versionName": "Ime",
    "versionOwner": "Lastnik"
  },
  "loadErrors": {
    "noFeatureServices": "V 'slojih' ni bilo mogoče najti featureServices.",
    "noViewProperty": "V VersionManagementViewModel manjka lastnost 'pogled'."
  }
}
