{
  "label": "إدارة الإصدار",
  "actions": {
    "cancelSave": "إلغاء الأمر",
    "deleteVersion": "حذف",
    "editVersion": "إعدادات الإصدار",
    "newVersion": "إصدار جديد",
    "refreshVersions": "تحديث القائمة",
    "saveVersion": "حفظ",
    "searchVersions": "البحث حسب الاسم أو المالك",
    "switchToVersion": "التحويل إلى إصدار"
  },
  "accessLevels": {
    "private": "خاص",
    "protected": "مسقط",
    "public": "عام"
  },
  "executionErrors": {
    "invalidVersionName": "اسم الإصدار غير صالح.",
    "noAdvancedEditingUserTypeExtension": "يفتقد الحساب الذي تم تسجيل الدخول إليه إلى ترخيص لملحق نوع المستخدم \"التحرير المتقدم\".",
    "noFeatureServiceFound": "لم يتم العثور على FeatureService.",
    "notValidEnterpriseVersion": "واجهة برمجة تطبيقات الإصدار تتطلب ArcGIS Enterprise الإصدار 11.2 أو إصدار أعلى.",
    "noVersionManagementServiceFound": "لم يتم العثور على VersionManagementService."
  },
  "headers": {
    "currentVersion": "الإصدار الحالي",
    "manageVersions": "إدارة الإصدارات"
  },
  "input": {
    "versionAccess": "وصول",
    "versionDescription": "الوصف",
    "versionName": "الاسم",
    "versionOwner": "المالك"
  },
  "loadErrors": {
    "noFeatureServices": "لم يتم العثور على featureServices في \"الطبقات\".",
    "noViewProperty": "خاصية \"العرض\" مفقودة في VersionManagementViewModel."
  }
}
