{
  "label": "Versionsmanagement",
  "actions": {
    "cancelSave": "Abbrechen",
    "deleteVersion": "Löschen",
    "editVersion": "Versionseinstellungen",
    "newVersion": "Neue Version",
    "refreshVersions": "Liste aktualisieren",
    "saveVersion": "Speichern",
    "searchVersions": "Nach Name oder Besitzer suchen",
    "switchToVersion": "Zur Version wechseln"
  },
  "accessLevels": {
    "private": "Privat",
    "protected": "Geschützt",
    "public": "Öffentlich"
  },
  "executionErrors": {
    "invalidVersionName": "Ungültiger Versionsname.",
    "noAdvancedEditingUserTypeExtension": "Im angemeldeten Konto fehlt eine Lizenz für die Benutzertyp-Erweiterung \"Advanced Editing\".",
    "noFeatureServiceFound": "Kein FeatureService gefunden.",
    "notValidEnterpriseVersion": "Für die API-Versionierung ist die ArcGIS Enterprise-Version 11.2 oder höher erforderlich.",
    "noVersionManagementServiceFound": "Kein VersionManagementService gefunden."
  },
  "headers": {
    "currentVersion": "Aktuelle Version",
    "manageVersions": "Versionen verwalten"
  },
  "input": {
    "versionAccess": "Zugang",
    "versionDescription": "Beschreibung",
    "versionName": "Name",
    "versionOwner": "Besitzer"
  },
  "loadErrors": {
    "noFeatureServices": "Es wurden keine featureServices in \"layers\" gefunden.",
    "noViewProperty": "Im VersionManagementViewModel fehlt die Eigenschaft \"view\"."
  }
}
