{
  "label": "Versionshantering",
  "actions": {
    "cancelSave": "Avbryt",
    "deleteVersion": "Ta bort",
    "editVersion": "Versionsinställningar",
    "newVersion": "Ny version",
    "refreshVersions": "Uppdatera listan",
    "saveVersion": "Spara",
    "searchVersions": "Sök efter namn eller ägare",
    "switchToVersion": "Växla till version"
  },
  "accessLevels": {
    "private": "Privat",
    "protected": "Skyddad",
    "public": "Allmän"
  },
  "executionErrors": {
    "invalidVersionName": "Ogiltigt versionsnamn.",
    "noAdvancedEditingUserTypeExtension": "Det inloggade kontot saknar en licens för användartypstillägget ArcGIS avancerad redigering.",
    "noFeatureServiceFound": "Ingen FeatureService hittades.",
    "notValidEnterpriseVersion": "Versionshanterings-API kräver ArcGIS Enterprise version 11.2 eller senare.",
    "noVersionManagementServiceFound": "Ingen VersionManagementService hittades."
  },
  "headers": {
    "currentVersion": "Aktuell version",
    "manageVersions": "Hantera versioner"
  },
  "input": {
    "versionAccess": "Åtkomst",
    "versionDescription": "Beskrivning",
    "versionName": "Namn",
    "versionOwner": "Ägare"
  },
  "loadErrors": {
    "noFeatureServices": "Inga featureServices hittades i 'layers'.",
    "noViewProperty": "Egenskapen 'view' saknas för VersionManagementViewModel."
  }
}
