{
  "label": "Керування версіями",
  "actions": {
    "cancelSave": "Скасувати",
    "deleteVersion": "Видалити",
    "editVersion": "Налаштування версії",
    "newVersion": "Нова версія",
    "refreshVersions": "Оновити список",
    "saveVersion": "Зберегти",
    "searchVersions": "Пошук за назвою або власником",
    "switchToVersion": "Перейти на мою версію"
  },
  "accessLevels": {
    "private": "Приватний",
    "protected": "Захищено",
    "public": "Публічний"
  },
  "executionErrors": {
    "invalidVersionName": "Неприпустиме ім'я версії.",
    "noAdvancedEditingUserTypeExtension": "Обліковий запис, який увійшов до системи, не має ліцензії на додатковий модуль типу користувача розширеного редагування.",
    "noFeatureServiceFound": "FeatureService не знайдено.",
    "notValidEnterpriseVersion": "API керування версіями потребує ArcGIS Enterprise версії 11.2 або новішої.",
    "noVersionManagementServiceFound": "VersionManagementService не знайдено."
  },
  "headers": {
    "currentVersion": "Поточна версія",
    "manageVersions": "Керування версіями"
  },
  "input": {
    "versionAccess": "Доступ",
    "versionDescription": "Опис",
    "versionName": "Назва",
    "versionOwner": "Власник"
  },
  "loadErrors": {
    "noFeatureServices": "У «шарах» не знайдено FeatureServices.",
    "noViewProperty": "Властивість «вид» відсутня у VersionManagementViewModel."
  }
}
