{
  "componentLabel": "مسار",
  "startTracking": "بدء تعقب موقعي",
  "stopTracking": "إيقاف تعقب موقعي",
  "permissionError": "كان هناك خطأ. يرجى التحقق من إذن الموقع في متصفحك ونظام التشغيل الخاص بك.",
  "timeoutError": "يتعذر استرداد الموقع الخاص بك. الرجاء المحاولة مرة أخرى.",
  "positionUnavailable": "يتعذر استرداد الموقع الخاص بك. يرجى التحقق من جهازك."
}
