{
  "componentLabel": "Проследяване",
  "startTracking": "Започнете проследяването на местоположението ми",
  "stopTracking": "Спрете проследяването на местоположението ми",
  "permissionError": "Възникна грешка. Моля, проверете разрешенията за местоположение на Вашия браузър и операционна система.",
  "timeoutError": "Не може да се извлече Вашето местоположение. Моля, опитайте отново.",
  "positionUnavailable": "Не може да се извлече Вашето местоположение. Моля, проверете Вашето устройство."
}
