{
  "1738148106615": {
    "originalName": "spatineo.png",
    "fileName": "1738148106615.png",
    "size": 4900,
    "url": "${appResourceUrl}/images/widget_1/1738148106615.png",
    "created": 1738148106615,
    "resourcesPrefix": "images/widget_1",
    "referredIds": [],
    "originId": "1738148106615",
    "fileFormat": "image/png",
    "isUseCompress": false,
    "originalWidth": 434,
    "originalHeight": 116
  },
  "1738151315833": {
    "originalName": "kulutus.png",
    "fileName": "1738151315833.png",
    "size": 12592,
    "url": "${appResourceUrl}/images/widget_32/1738151315833.png",
    "created": 1738151315833,
    "resourcesPrefix": "images/widget_32",
    "referredIds": [],
    "originId": "1738151315833",
    "fileFormat": "image/png",
    "isUseCompress": false,
    "originalWidth": 422,
    "originalHeight": 421
  },
  "1738153046686": {
    "originalName": "1737641553718.png",
    "fileName": "1738153046686.png",
    "size": 12453,
    "url": "${appResourceUrl}/images/widget_43/1738153046686.png",
    "created": 1738153046686,
    "resourcesPrefix": "images/widget_43",
    "referredIds": [],
    "originId": "1738153046686",
    "fileFormat": "image/png",
    "isUseCompress": false,
    "originalWidth": 576,
    "originalHeight": 618
  },
  "1738153155076": {
    "originalName": "1737641120915.png",
    "fileName": "1738153155076.png",
    "size": 52027,
    "url": "${appResourceUrl}/images/widget_42/1738153155076.png",
    "created": 1738153155076,
    "resourcesPrefix": "images/widget_42",
    "referredIds": [],
    "originId": "1738153155076",
    "fileFormat": "image/png",
    "isUseCompress": false,
    "originalWidth": 901,
    "originalHeight": 813
  },
  "1738156637880": {
    "originalName": "1737641705788.png",
    "fileName": "1738156637880.png",
    "size": 10731,
    "url": "${appResourceUrl}/images/widget_51/1738156637880.png",
    "created": 1738156637880,
    "resourcesPrefix": "images/widget_51",
    "referredIds": [],
    "originId": "1738156637880",
    "fileFormat": "image/png",
    "isUseCompress": false,
    "originalWidth": 537,
    "originalHeight": 476
  },
  "1738160975629": {
    "originalName": "1711620271071.png",
    "fileName": "1738160975629.png",
    "size": 11578,
    "url": "${appResourceUrl}/images/widget_59/1738160975629.png",
    "created": 1738160975629,
    "resourcesPrefix": "images/widget_59",
    "referredIds": [],
    "originId": "1738160975629",
    "fileFormat": "image/png",
    "isUseCompress": false,
    "originalWidth": 470,
    "originalHeight": 637
  },
  "1738161885686": {
    "originalName": "KSS_verkko_logo_nega_RGB.jpg",
    "fileName": "1738161885686.jpg",
    "size": 103274,
    "url": "${appResourceUrl}/images/widget_11/1738161885686.jpg",
    "created": 1738161885686,
    "resourcesPrefix": "images/widget_11",
    "referredIds": [],
    "originId": "1738161885686",
    "fileFormat": "image/jpeg",
    "isUseCompress": false,
    "originalWidth": 1275,
    "originalHeight": 422
  },
  "1738221329771": {
    "originalName": "KSS_verkko_logo_nega_RGB.jpg",
    "fileName": "1738221329771.jpg",
    "size": 103274,
    "url": "${appResourceUrl}/images/widget_100/1738221329771.jpg",
    "created": 1738221329771,
    "resourcesPrefix": "images/widget_100",
    "referredIds": [],
    "originId": "1738221329771",
    "fileFormat": "image/jpeg",
    "isUseCompress": false,
    "originalWidth": 1275,
    "originalHeight": 422
  },
  "1738222858894": {
    "originalName": "1711620271071.png",
    "fileName": "1738222858894.png",
    "size": 11578,
    "url": "${appResourceUrl}/images/widget_100/1738222858894.png",
    "created": 1738222858894,
    "resourcesPrefix": "images/widget_100",
    "referredIds": [],
    "originId": "1738222858894",
    "fileFormat": "image/png",
    "isUseCompress": false,
    "originalWidth": 470,
    "originalHeight": 637
  },
  "1738223319075": {
    "originalName": "KSS_verkko_logo_RGB.jpg",
    "fileName": "1738223319075.jpg",
    "size": 115238,
    "url": "${appResourceUrl}/images/widget_100/1738223319075.jpg",
    "created": 1738223319075,
    "resourcesPrefix": "images/widget_100",
    "referredIds": [],
    "originId": "1738223319075",
    "fileFormat": "image/jpeg",
    "isUseCompress": false,
    "originalWidth": 1275,
    "originalHeight": 422
  },
  "1738223431884": {
    "originalName": "kss_verkko_cmyk.PNG",
    "fileName": "1738223431884.PNG",
    "size": 66042,
    "url": "${appResourceUrl}/images/widget_100/1738223431884.PNG",
    "created": 1738223431884,
    "resourcesPrefix": "images/widget_100",
    "referredIds": [],
    "originId": "1738223431884",
    "fileFormat": "image/png",
    "isUseCompress": false,
    "originalWidth": 0,
    "originalHeight": 0
  }
}