{
  "componentLabel": "Відстежування",
  "startTracking": "Почати відстежування мого місця розташування",
  "stopTracking": "Припинити відстежування мого місця розташування",
  "permissionError": "Виникла помилка. Перевірте дозволи до місця розташування у вашому браузері та операційній системі.",
  "timeoutError": "Не вдалося отримати ваше місце розташування. Спробуйте знову.",
  "positionUnavailable": "Не вдалося отримати ваше місце розташування. Перевірте свій пристрій."
}
