{
  "label": "Versiebeheer",
  "actions": {
    "cancelSave": "Annuleren",
    "deleteVersion": "Verwijderen",
    "editVersion": "Versie-instellingen",
    "newVersion": "Nieuwe versie",
    "refreshVersions": "Lijst vernieuwen",
    "saveVersion": "Opslaan",
    "searchVersions": "Zoeken op naam of eigenaar",
    "switchToVersion": "Overschakelen op versie"
  },
  "accessLevels": {
    "private": "Privé",
    "protected": "Beschermd",
    "public": "Openbaar"
  },
  "executionErrors": {
    "invalidVersionName": "Ongeldige versienaam.",
    "noAdvancedEditingUserTypeExtension": "De aangemelde account heeft geen licentie voor de user type-extensie Advanced Editing.",
    "noFeatureServiceFound": "Kan geen FeatureService vinden.",
    "notValidEnterpriseVersion": "Versie-API vereist ArcGIS Enterprise versie 11.2 of hoger.",
    "noVersionManagementServiceFound": "Kan geen VersionsManagementService vinden."
  },
  "headers": {
    "currentVersion": "Huidige versie",
    "manageVersions": "Versies beheren"
  },
  "input": {
    "versionAccess": "Toegang",
    "versionDescription": "Beschrijving",
    "versionName": "Naam",
    "versionOwner": "Eigenaar"
  },
  "loadErrors": {
    "noFeatureServices": "Kan geen featureServices vinden in 'lagen'.",
    "noViewProperty": "Eigenschap 'view' ontbreekt in VersionManagementViewModel."
  }
}
