{
  "label": "Gestionarea versiunii",
  "actions": {
    "cancelSave": "Anulare",
    "deleteVersion": "Ștergere",
    "editVersion": "Setările versiunii",
    "newVersion": "Versiune nouă",
    "refreshVersions": "Reîmprospătați lista",
    "saveVersion": "Salvare",
    "searchVersions": "Căutare după nume sau proprietar",
    "switchToVersion": "Comutare la versiune"
  },
  "accessLevels": {
    "private": "Privat",
    "protected": "Protejat",
    "public": "Public"
  },
  "executionErrors": {
    "invalidVersionName": "Nume versiune nevalid.",
    "noAdvancedEditingUserTypeExtension": "Contul la care sunteți conectat nu are o licență pentru extensia de tip utilizator Editare avansată.",
    "noFeatureServiceFound": "Nu a fost găsit niciun obiect spațial de serviciu.",
    "notValidEnterpriseVersion": "API-ul pentru versiune necesită ArcGIS Enterprise versiunea 11.2 sau o versiune ulterioară.",
    "noVersionManagementServiceFound": "Nu a fost găsit niciun serviciu de gestionare a versiunii."
  },
  "headers": {
    "currentVersion": "Versiune curentă",
    "manageVersions": "Gestionare versiune"
  },
  "input": {
    "versionAccess": "Acces",
    "versionDescription": "Descriere",
    "versionName": "Nume",
    "versionOwner": "Proprietar"
  },
  "loadErrors": {
    "noFeatureServices": "Nu au fost găsite servicii de obiecte spațiale în „straturi tematice”.",
    "noViewProperty": "„Vizualizarea” proprietății lipsește din VersionManagementViewModel."
  }
}
