{
  "label": "Versijų valdymas",
  "actions": {
    "cancelSave": "Atšaukti",
    "deleteVersion": "Pašalinti",
    "editVersion": "Versijos nustatymai",
    "newVersion": "Nauja versija",
    "refreshVersions": "Atnaujinti sąrašą",
    "saveVersion": "Įrašyti",
    "searchVersions": "Ieškoti pagal pavadinimą arba savininką",
    "switchToVersion": "Perjungti į versiją"
  },
  "accessLevels": {
    "private": "Privati",
    "protected": "Apsaugota",
    "public": "Vieša"
  },
  "executionErrors": {
    "invalidVersionName": "Netinkamas versijos pavadinimas.",
    "noAdvancedEditingUserTypeExtension": "Paskyrai, prie kurios prisijungėte, trūksta išplėstinio redagavimo teises turinčio naudotojo tipo plėtinio licencijos.",
    "noFeatureServiceFound": "FeatureService nerasta.",
    "notValidEnterpriseVersion": "API versijavimui reikia ArcGIS Enterprise 11.2 arba naujesnės versijos.",
    "noVersionManagementServiceFound": "VersionManagementService nerasta."
  },
  "headers": {
    "currentVersion": "Esama versija",
    "manageVersions": "Valdyti versijas"
  },
  "input": {
    "versionAccess": "Prieiga",
    "versionDescription": "Aprašas",
    "versionName": "Pavadinimas",
    "versionOwner": "Savininkas"
  },
  "loadErrors": {
    "noFeatureServices": "Objekte „sluoksniai“ featureServices nerasta.",
    "noViewProperty": "Savybėje „peržiūra“ trūksta VersionManagementViewModel."
  }
}
