{
  "label": "ניהול גרסאות",
  "actions": {
    "cancelSave": "ביטול",
    "deleteVersion": "מחיקה",
    "editVersion": "הגדרות גרסה",
    "newVersion": "גרסה חדשה",
    "refreshVersions": "רענן את הרשימה",
    "saveVersion": "שמור",
    "searchVersions": "חפש לפי שם או יוצר",
    "switchToVersion": "עבור לגרסה"
  },
  "accessLevels": {
    "private": "פרטי",
    "protected": "מוגן",
    "public": "ציבורי"
  },
  "executionErrors": {
    "invalidVersionName": "שם גרסה לא חוקי.",
    "noAdvancedEditingUserTypeExtension": "לחשבון המחובר אין רישיון עבור הרחבת סוג משתמש של Advanced Editing.",
    "noFeatureServiceFound": "לא נמצא FeatureService.",
    "notValidEnterpriseVersion": "ניהול גרסאות API מחייב ArcGIS Enterprise בגרסה 11.2 ואילך.",
    "noVersionManagementServiceFound": "לא נמצא VersionManagementService."
  },
  "headers": {
    "currentVersion": "גרסה נוכחית",
    "manageVersions": "נהל גרסאות"
  },
  "input": {
    "versionAccess": "גישה",
    "versionDescription": "תאור",
    "versionName": "שם",
    "versionOwner": "יוצר"
  },
  "loadErrors": {
    "noFeatureServices": "לא נמצאו featureServices ב'שכבות'.",
    "noViewProperty": "המאפיין 'תצוגה' חסר ב-VersionManagementViewModel."
  }
}
