{
  "label": "Správa verzií",
  "actions": {
    "cancelSave": "Zrušiť",
    "deleteVersion": "Zmazať",
    "editVersion": "Nastavenie verzií",
    "newVersion": "Nová verzia",
    "refreshVersions": "Obnoviť zoznam",
    "saveVersion": "Uložiť",
    "searchVersions": "Vyhľadať podľa názvu alebo vlastníka",
    "switchToVersion": "Prepnúť na verziu"
  },
  "accessLevels": {
    "private": "Súkromné",
    "protected": "Chránené",
    "public": "Verejné"
  },
  "executionErrors": {
    "invalidVersionName": "Nesprávny názov verzie.",
    "noAdvancedEditingUserTypeExtension": "Prihlásenému účtu chýba licencia pre extenziu používateľského typu Advanced Editing.",
    "noFeatureServiceFound": "Nebola nájdená žiadna prvková služba.",
    "notValidEnterpriseVersion": "Rozhranie API na vytváranie verzií vyžaduje ArcGIS Enterprise vo verzii 11.2 alebo vyššej.",
    "noVersionManagementServiceFound": "Nebola nájdená žiadna služba VersionManagementService."
  },
  "headers": {
    "currentVersion": "Používaná verzia",
    "manageVersions": "Spravovať verzie"
  },
  "input": {
    "versionAccess": "Prístup",
    "versionDescription": "Popis",
    "versionName": "Názov",
    "versionOwner": "Vlastník"
  },
  "loadErrors": {
    "noFeatureServices": "V 'layers' neboli nájdené žiadne prvkové služby featureServices.",
    "noViewProperty": "Vlastnosť \"pohľad\" chýba v VersionManagementViewModel."
  }
}
