{
  "label": "Versioonihaldus",
  "actions": {
    "cancelSave": "Loobu",
    "deleteVersion": "Kustuta",
    "editVersion": "Versiooni seaded",
    "newVersion": "Uus versioon",
    "refreshVersions": "Värskenda loendit",
    "saveVersion": "Salvesta",
    "searchVersions": "Otsi nime või omaniku järgi",
    "switchToVersion": "Aktiveeri versioon"
  },
  "accessLevels": {
    "private": "Privaatne",
    "protected": "Kaitstud",
    "public": "Avalik"
  },
  "executionErrors": {
    "invalidVersionName": "Sobimatu versiooni nimi.",
    "noAdvancedEditingUserTypeExtension": "Sisselogitud kontol puudub täiustatud muutmise kasutajatüübi laienduse litsents.",
    "noFeatureServiceFound": "Objektiteenust ei leitud.",
    "notValidEnterpriseVersion": "Versioonideks jaotamise API eeldab ArcGIS Enterprise'i versiooni 11.2 või sellest uuemat versiooni.",
    "noVersionManagementServiceFound": "Versioonihalduse teenust ei leitud."
  },
  "headers": {
    "currentVersion": "Praegune versioon",
    "manageVersions": "Halda versioone"
  },
  "input": {
    "versionAccess": "Juurdepääs",
    "versionDescription": "Kirjeldus",
    "versionName": "Nimi",
    "versionOwner": "Omanik"
  },
  "loadErrors": {
    "noFeatureServices": "Atribuudist \"kihid\" ei leitud objektiteenuseid.",
    "noViewProperty": "Versioonihalduse kuvamudelist puudub atribuut \"vaade\"."
  }
}
